"NOMBRE","CAT_MANEJO","ESTADOS","MUNICIPIOS","REGION","SUPERFICIE","S_TERRES","S_MARINA","PRIM_DEC","ULT_DOF","PCM1","SINAP","tipo_ambie","iie_anp_count","iie_anp_mean","iie_anp_stdev","anp_id","ESTADOS_LST"
"Playa Chenkan","SANT","Campeche","Champotón","Península de Yucatán y Caribe Mexicano",39.555996,39.555996,0,"2024/01/08","2024/01/08",NA,NA,"terrestre",2.11085239227151,0.506834610104804,0.29622763233613,"Playa-SANT-2024-01-08-id527","'CC'"
"Sierra de Manantlán","RB","Jalisco y Colima","Jalisco: Autlán de Navarro, Tuxcacuesco, Tolimán, Cuautitlán de García Barragán, El Grullo, Zapotitlán de Vadillo y Casimiro Castillo; Colima: Minatitlán, Comala y Villa de Álvarez","Occidente y Pacífico Centro",139577.125,139577.125,0,"1987/03/23","1987/03/23","17/11/2007","SINAP","terrestre",22317,0.786127739751909,0.18129997250711,"Sierr-RB-1987-03-23-id151","'JC','CM'"
"Cuatrociénegas","APFF","Coahuila","Cuatrociénegas","Noreste y Sierra Madre Oriental",84347.47,84347.47,0,"1994/11/07","1994/11/07","24/03/2000","SINAP","terrestre",13432,0.826998293612569,0.199731241753183,"Cuatr-APFF-1994-11-07-id135","'CL'"
"Tutuaca","APFF","Chihuahua y Sonora","Chihuahua: Madera, Temósachi, Matachí, Guerrero, Ocampo y Moris; Sonora: Yécora y Sahuaripa","Norte y Sierra Madre Occidental",436985.6693,436985.6693,0,"1937/07/06","2001/12/27","01/11/2013",NA,"terrestre",69750,0.940884253566991,0.124971306879511,"Tutua-APFF-1937-07-06-id113","'CH','SR'"
"Corredor Biológico Chichinautzin","APFF","Ciudad de México, Morelos y Estado de México","Ciudad de México: Tlalpan y Milpa Alta; Morelos: Huitzilac, Cuernavaca, Tepoztlán, Tlalnepantla, Yautepec, Tlayacapan, Totolapan y Atlahuacan; México: Ocuilan, Tianguistenco y Juchitepec","Centro y Eje Neovolcánico",37302.40625,37302.40625,0,"1988/11/30","1988/11/30",NA,"SINAP","terrestre",2748,0.541112559748879,0.240404640475256,"Corre-APFF-1988-11-30-id39","'DF','MS','MC'"
"Pico de Orizaba","PN","Veracruz y Puebla","Veracruz: Calcahualco y La Perla; Puebla: Tlachichuca, Chalchicomula de Sesma y Atzitzintla","Planicie Costera y Golfo de México",19750.005,19750.005,0,"1937/01/04","1937/01/04","09/07/2015",NA,"terrestre",3159,0.846326566425993,0.204095840650198,"Pico -PN-1937-01-04-id97","'VZ','PL'"
"Caribe Mexicano","RB","Quintana Roo","Isla Mujeres, Benito Juárez, Tulum y frente a las costas de Puerto Morelos, Solidaridad, Cozumel, Bacalar y Othón P. Blanco","Península de Yucatán y Caribe Mexicano",5754055.363,28589.49741,5725465.866,"2016/12/07","2016/12/07","30/11/2018",NA,"terrestre",4263,0.905851886602682,0.0754708426051059,"Carib-RB-2016-12-07-id167","'QR'"
"Los Novillos","PN","Coahuila","Acuña","Noreste y Sierra Madre Oriental",38.214086,38.214086,0,"1940/06/18","1940/06/18",NA,NA,"terrestre",8,0.594830963760614,0.204996300550826,"Los N-PN-1940-06-18-id71","'CL'"
"Pantanos de Centla","RB","Tabasco y Campeche","Tabasco: Centla, Centro, Macuspana y Jonuta; Campeche: Palizada y Carmen","Planicie Costera y Golfo de México",302706.625,302706.625,0,"1992/08/06","1992/08/06","26/09/2000","SINAP","terrestre",45853,0.883118171370227,0.182237030639735,"Panta-RB-1992-08-06-id148","'TC','CC'"
"Chamela-Cuixmala","RB","Jalisco","La Huerta","Occidente y Pacífico Centro",13141.69245,13141.69245,0,"1993/12/30","1994/11/25","20/01/1997","SINAP","terrestre",2067,0.704589583726044,0.141549621042533,"Chame-RB-1993-12-30-id32","'JC'"
"Iztaccíhuatl-Popocatépetl","PN","Estado de México, Puebla y Morelos","Edo. de México: Texcoco, Ixtapaluca, Chalco, Tlalmanalco, Amecameca, Atlautla, Ecatzingo; Morelos: Tetela del Volcán; Puebla: San Salvador El Verde, Huejotzingo, San Nicolás de los Ranchos, Tlahuapan y Tochimilco","Centro y Eje Neovolcánico",39819.086,39819.086,0,"1935/11/08","1992/02/11","02/04/2013",NA,"terrestre",6360,0.756998424105999,0.269211937895994,"Iztac-PN-1935-11-08-id62","'MC','PL','MS'"
"Cascada de Agua Azul","APFF","Chiapas","Salto de Agua, Chilón y Tumbala","Frontera Sur, Istmo y Pacífico Sur",2580,2580,0,"1980/04/29","2000/06/07","22/05/2017",NA,"terrestre",405,0.610640144155107,0.174084272080316,"Casca-APFF-1980-04-29-id462","'CS'"
"Tula","PN","Hidalgo","Tula de Allende","Centro y Eje Neovolcánico",99.500286,99.500286,0,"1981/05/27","1981/05/27",NA,NA,"terrestre",19,0.140033437602381,0.090916589205183,"Tula-PN-1981-05-27-id112","'HG'"
"Jacinto Pat","APFF","Quintana Roo","Benito Juárez","Península de Yucatán y Caribe Mexicano",16.645082,16.645082,0,"2023/08/15","2023/08/15",NA,NA,"terrestre",2,0.103076473809779,0.0843117674812675,"Jacin-APFF-2023-08-15-id475","'QR'"
"Arrecife de Puerto Morelos","PN","Quintana Roo","Benito Juárez","Península de Yucatán y Caribe Mexicano",9066.6311,37.743644,9028.887456,"1998/02/02","1998/02/02","18/09/2000","SINAP","terrestre",4,0.3957702881562,0.24265042523927,"Arrec-PN-1998-02-02-id156","'QR'"
"Volcán Nevado de Colima","PN","Jalisco y Colima","Jalisco: Zapotitlán de Vadillo, Tuxpan, San Gabriel y Tonila; Colima: Cuauhtémoc y Comala","Occidente y Pacífico Centro",6554.75,6554.75,0,"1936/09/05","1940/12/06","14/12/2009",NA,"terrestre",1042,0.682419907022804,0.275032089936456,"Volcá-PN-1936-09-05-id116","'JC','CM'"
"Dzibilchantún","PN","Yucatán","Mérida","Península de Yucatán y Caribe Mexicano",539.439268,539.439268,0,"1987/04/14","1987/04/14","29/10/2015",NA,"terrestre",81,0.616722978628528,0.120708336052158,"Dzibi-PN-1987-04-14-id163","'YN'"
"Nuevo Uxmal","PN","Campeche y Yucatán","Campeche: Calkiní,  Yucatán: Santa Elena","Península de Yucatán y Caribe Mexicano",1698.54252,1698.54252,0,"2024/01/08","2024/01/08",NA,NA,"terrestre",5,0.715543878078461,0.0306347575071451,"Nuevo-PN-2024-01-08-id504","'CC','YN'"
"Sierra La Laguna","RB","Baja California Sur","La Paz y Los Cabos","Península de Baja California y Pacífico Norte",112437.0725,112437.0725,0,"1994/06/06","1994/06/06","19/06/2003","SINAP","terrestre",17960,0.89329501205769,0.108579707949478,"Sierr-RB-1994-06-06-id109","'BS'"
"Los Petenes","RB","Campeche","Calkini, Hecelchakan, Tenabo y Campeche","Península de Yucatán y Caribe Mexicano",282857.6271,100866.5252,181991.1019,"1999/05/24","1999/05/24","22/04/2009","SINAP","terrestre",15704,0.780483547050326,0.246817342377805,"Los P-RB-1999-05-24-id145","'CC'"
"Yagul","MN","Oaxaca","Villa Díaz Ordaz y Tlacolula de Matamoros","Frontera Sur, Istmo y Pacífico Sur",1076.06386,1076.06386,0,"1999/05/24","1999/05/24","27/11/2007",NA,"terrestre",173,0.272398426253995,0.145390874870298,"Yagul-MN-1999-05-24-id119","'OC'"
"Ría Celestún","RB","Campeche y Yucatán","Campeche: Calkiní; Yucatán: Celestún, Maxcanú, Hunucmá y Halacho","Península de Yucatán y Caribe Mexicano",81482.33446,61926.57419,19555.76027,"2000/11/27","2000/11/27","22/11/2002","SINAP","terrestre",8819,0.797061148968169,0.256147643447717,"Ría C-RB-2000-11-27-id144","'CC','YN'"
"Cañón del Río Blanco","PN","Veracruz y Puebla","Veracruz: Orizaba, Fortín, Ixtaczoquitlán, Atzacan, Nogales, Camerino Z. Mendoza, Maltrata, Aquila, Río Blanco, Rafael Delgado, Acultzingo, Soledad","Planicie Costera y Golfo de México",48799.77547,48799.77547,0,"1938/03/22","1938/03/22",NA,NA,"terrestre",7795,0.456899985758935,0.239038381488714,"Cañón-PN-1938-03-22-id17","'VZ','PL'"
"Playa Ceuta","SANT","Sinaloa","Culiacan, Elota y San Ignacio","Noroeste y Alto Golfo de California",503.093376,503.093376,0,"1986/10/29","2022/12/24",NA,NA,"terrestre",28,0.603631476206439,0.301229874384892,"Playa-SANT-1986-10-29-id562","'SL'"
"Cañón de Santa Elena","APFF","Chihuahua","Manuel Benavides y Ojinaga","Noreste y Sierra Madre Oriental",277209.7213,277209.7213,0,"1994/11/07","1994/11/07","05/06/2012","SINAP","terrestre",43927,0.889599216063536,0.118425200280594,"Cañón-APFF-1994-11-07-id18","'CH'"
"Sierra de Álamos-Río Cuchujaqui","APFF","Sonora, Sinaloa y Chihuahua","Sonora: Alamos; Sinaloa:Choix; Chihuahua: Chinipas","Noroeste y Alto Golfo de California",92889.69415,92889.69415,0,"1996/07/19","1996/07/19","05/06/2015","SINAP","terrestre",14839,0.931777620934735,0.0886751390316012,"Sierr-APFF-1996-07-19-id103","'SR','SL','CH'"
"Loreto II","PN","Baja California Sur","Loreto","Península de Baja California y Pacífico Norte",6217.520548,6217.520548,0,"2023/08/15","2023/08/15",NA,NA,"terrestre",955,0.932400090415128,0.120550900539328,"Loret-PN-2023-08-15-id476","'BS'"
"Sian Ka'an","RB","Quintana Roo","Felipe Carrillo Puerto, Solidaridad y Bacalar","Península de Yucatán y Caribe Mexicano",528147.668,375011.87,153135.798,"1986/01/20","2000/06/07","23/01/2015","SINAP","terrestre",56569,0.903260643640852,0.0832441594530634,"Sian -RB-1986-01-20-id150","'QR'"
"Laguna de Términos","APFF","Campeche y Tabasco","Campeche: Carmen, Palizada y Champotón; Tabasco: Jonuta","Planicie Costera y Golfo de México",706147.67,547278.7051,158868.9649,"1994/06/06","1994/06/06","04/06/1997","SINAP","terrestre",54865,0.775120839620876,0.254910643690373,"Lagun-APFF-1994-06-06-id142","'CC','TC'"
"Cascada de Bassaseachic","PN","Chihuahua","Ocampo","Norte y Sierra Madre Occidental",5802.8513,5802.8513,0,"1981/02/02","1981/02/02","08/08/2016","SINAP","terrestre",927,0.941786279538174,0.0891170681675002,"Casca-PN-1981-02-02-id26","'CH'"
"Chan-Kin","APFF","Chiapas","Ocosingo","Frontera Sur, Istmo y Pacífico Sur",12184.9875,12184.9875,0,"1992/08/21","1992/08/21","05/06/2018","SINAP","terrestre",1939,0.982200369584677,0.0552216014872508,"Chan--APFF-1992-08-21-id33","'CS'"
"Ciénegas del Lerma","APFF","Estado de México","Lerma, Ocoyoacac, Capulhuac, Tianguistenco, Almoloya del Río, Atizapan y Texcalyacac","Centro y Eje Neovolcánico",3023.9574,3023.9574,0,"2002/11/27","2003/07/29","05/09/2018","SINAP","terrestre",95,0.553459160618092,0.333406439989241,"Ciéne-APFF-2002-11-27-id34","'MC'"
"Alto Golfo de California y Delta del Río Colorado","RB","Baja California y Sonora","Baja California.: Mexicali; Sonora: Puerto Peñasco y San Luis Río Colorado","Noroeste y Alto Golfo de California",934756.25,407147.5456,527608.7044,"1993/06/10","1993/06/10","25/09/2009","SINAP","terrestre",58868,0.955777581110691,0.099017196783925,"Alto -RB-1993-06-10-id8","'BC','SR'"
"Islas La Pajarera, Cocinas, Mamut, Colorada, San Pedro, San Agustín, San Andrés y Negrita y los Islotes Los Anegados, Novillas, Mosca y Submarino","SANT","Jalisco","Frente a la costa del municipio La Huerta","Occidente y Pacífico Centro",1981.43932,1981.43932,0,"2002/06/13","2002/06/13","14/06/2011","SINAP","terrestre",10,0.672014799714088,0.178095716376491,"Islas-SANT-2002-06-13-id61","'JC'"
"Playa Mismaloya","SANT","Jalisco","Cabo Corrientes, Tomatlán y La Huerta","Occidente y Pacífico Centro",810.667298,810.667298,0,"1986/10/29","2022/12/24",NA,NA,"terrestre",30,0.389192608247201,0.278618134483548,"Playa-SANT-1986-10-29-id571","'JC'"
"Los Tuxtlas","RB","Veracruz","Angel R. Cabada, Santiago Tuxtla, San Andrés Tuxtla, Catemaco, Mecayapan, Tatahuicapan de Juárez, Soteapan y Pajapan","Planicie Costera y Golfo de México",155122.469,155122.469,0,"1998/11/23","1998/11/23","27/11/2009","SINAP","terrestre",24808,0.545321042915703,0.241891531154923,"Los T-RB-1998-11-23-id460","'VZ'"
"Manglares de Puerto Morelos","APFF","Quintana Roo","Puerto Morelos","Península de Yucatán y Caribe Mexicano",1103.003528,1103.003528,0,"2024/01/08","2024/01/11",NA,NA,"terrestre",117,0.887115317022699,0.0710456303436399,"Mangl-APFF-2024-01-08-id518","'QR'"
"C.A.D.N.R. 043 Estado de Nayarit","APRN","Aguascalientes, Jalisco, Durango, Nayarit y Zacatecas","Abarca 4 municipios de Aguascalientes, 30 de Jalisco, 5 de Durango, 16 de Nayarit y 22 de Zacatecas","Norte y Sierra Madre Occidental; Occidente y Pacífico Centro",2192656.36927303,2192656.369273,0,"1949/08/03","2002/11/07",NA,NA,"terrestre",19,0.876556468637366,0.0440782616837219,"C.A.D-APRN-1949-08-03-id531","'AS','JC','DG','NT','ZS'"
"Playa Delfines","APFF","Quintana Roo","Benito Juárez","Península de Yucatán y Caribe Mexicano",4.882696,4.882696,0,"2023/08/15","2023/08/15",NA,NA,"terrestre",0.571578981597246,0.0248626675578758,0.0106289274958166,"Playa-APFF-2023-08-15-id480","'QR'"
"Playa El Verde Camacho","SANT","Sinaloa","Mazatlán y San Ignacio","Noroeste y Alto Golfo de California",128.48024,128.48024,0,"2024/01/02","2024/01/02",NA,NA,"terrestre",4,0.278804553672671,0.127545856566316,"Playa-SANT-2024-01-02-id501","'SL'"
"La Primavera","APFF","Jalisco","Tala, Zapopan, El Arenal y Tlajomulco de Zuñiga","Occidente y Pacífico Centro",30500,30500,0,"1980/03/06","2000/06/07","22/05/2001",NA,"terrestre",4893,0.811546705972711,0.176736788207903,"La Pr-APFF-1980-03-06-id64","'JC'"
"Playa Mexiquillo","SANT","Michoacán","Aquila","Occidente y Pacífico Centro",100.155659,100.155659,0,"1986/10/29","2022/12/24",NA,NA,"terrestre",11,0.399146684530106,0.279321998292428,"Playa-SANT-1986-10-29-id556","'MN'"
"Manglares de Nichupté","APFF","Quintana Roo","Benito Juárez","Península de Yucatán y Caribe Mexicano",4257.49854,4257.49854,0,"2008/02/26","2008/02/26","22/01/2015",NA,"terrestre",7,0.857179173401424,0.0808249519420557,"Mangl-APFF-2008-02-26-id75","'QR'"
"Sierra de Huautla","RB","Morelos, Puebla y Guerrero","Morelos: Amacuzac, Puente de Ixtla, Jojutla, Tlaquiltenango y Tepalcingo; Puebla: Teotlalco y Jolalpan; Guerrero: Huitzuco de los Figueroa y Buenavista de Cuellar","Centro y Eje Neovolcánico",59030.94159,59030.94159,0,"1999/09/08","1999/09/08","27/11/2000","SINAP","terrestre",9437,0.63180549909959,0.126813398424455,"Sierr-RB-1999-09-08-id104","'MS','PL','GR'"
"El Tepeyac","PN","Ciudad de México y Estado de México","Ciudad de México: Gustavo A. Madero; Edo. de México: Tlalnepantla de Baz","Centro y Eje Neovolcánico",1500,1500,0,"1937/02/18","1937/02/18",NA,NA,"terrestre",40,0.0175239706136153,0.060981703232495,"El Te-PN-1937-02-18-id52","'DF','MC'"
"La Montaña Malinche o Matlalcuéyatl","PN","Tlaxcala y Puebla","Tlaxcala: Acuamanala de Miguel Hidalgo, Chiautempan, Contla de Juan Cuamatzi, Huamantla, Ixtenco, Mazatecochco de José María Morelos, San Francisco Tetlanohcan, San José Teacalco, San Pablo del Monte, Teolocholco 2 más; Puebla: 4 mpios","Centro y Eje Neovolcánico",46112.24142,46112.24142,0,"1938/10/06","1938/10/06","03/04/2013",NA,"terrestre",7369,0.501314644407283,0.265773901328516,"La Mo-PN-1938-10-06-id74","'TL','PL'"
"Volcán Tacaná","RB","Chiapas","Cacahoatán, Unión Juárez y Tapachula","Frontera Sur, Istmo y Pacífico Sur",6378.369586,6378.369586,0,"2003/01/28","2003/01/28","22/11/2013","SINAP","terrestre",1020,0.819866503950428,0.170961465025358,"Volcá-RB-2003-01-28-id117","'CS'"
"Río Bravo del Norte","MN","Chihuahua y Coahuila","Chihuahua: Ojinaga y Manuel Benavides; Coahuila: Ocampo y Acuña","Noreste y Sierra Madre Oriental",2175,2175,0,"2009/10/21","2009/10/21","03/04/2013","SINAP","terrestre",134,0.863800516546662,0.205802287642146,"Río B-MN-2009-10-21-id101","'CH','CL'"
"Otoch Ma'ax Yetel Kooh","APFF","Quintana Roo","Solidaridad y Lázaro Cárdenas","Península de Yucatán y Caribe Mexicano",5367.4235,5367.4235,0,"2002/06/05","2003/07/29","06/11/2009",NA,"terrestre",844,0.872493838882559,0.100527662330137,"Otoch-APFF-2002-06-05-id94","'QR'"
"Kowtahyolo","APRN","Puebla","Cuetzalan del Progreso","Planicie Costera y Golfo de México",1732.993442,1732.993442,0,"2024/09/26","2024/09/26",NA,NA,"terrestre",278,0.814613715779009,0.189770053742312,"Kowta-APRN-2024-09-26-id3","'PL'"
"Xicoténcatl","PN","Tlaxcala","Totolac y Tlaxcala","Centro y Eje Neovolcánico",851.303405,851.303405,0,"1937/11/17","1937/11/17",NA,NA,"terrestre",107,0.00614909296781891,0.0163492758718815,"Xicot-PN-1937-11-17-id118","'TL'"
"Cerro de Garnica","PN","Michoacán","Hidalgo y Queréndaro","Occidente y Pacífico Centro",1936,1936,0,"1936/09/05","1936/09/05",NA,NA,"terrestre",158,0.855476797192912,0.0747887598184499,"Cerro-PN-1936-09-05-id28","'MN'"
"Playas del Totonacapan","SANT","Veracruz","Cazones de Herrera, Papantla y Tecolutla","Planicie Costera y Golfo de México",81.900467,81.900467,0,"2024/01/08","2024/01/08",NA,NA,"terrestre",2.46455308783939,0.319097292242608,0.202685340840764,"Playa-SANT-2024-01-08-id510","'VZ'"
"Cerro de La Estrella","PN","Ciudad de México","Iztapalapa","Centro y Eje Neovolcánico",1183.339468,1183.339468,0,"1938/08/24","1938/08/24",NA,NA,"terrestre",191,0.0150542653503285,0.0617250559009116,"Cerro-PN-1938-08-24-id29","'DF'"
"Ricardo Flores Magón","PN","Oaxaca","Santa María Huatulco y San Miguel del Puerto","Frontera Sur, Istmo y Pacífico Sur",1812.596034,1812.596034,0,"2023/08/16","2023/08/15",NA,NA,"terrestre",291,0.870324660098993,0.159401548982598,"Ricar-PN-2023-08-16-id495","'OC'"
"Laguna Madre y Delta del Río Bravo","APFF","Tamaulipas","Matamoros, San Fernando y Soto La Marina","Planicie Costera y Golfo de México",572808.6094,572808.6094,0,"2005/04/14","2005/04/14","09/07/2015","SINAP","terrestre",49186,0.790394928983723,0.261570111733939,"Lagun-APFF-2005-04-14-id143","'TS'"
"Montes Azules","RB","Chiapas","Ocosingo, Las Margaritas y Maravilla Tenejapa","Frontera Sur, Istmo y Pacífico Sur",331200,331200,0,"1978/01/12","2000/06/07","16/11/2000","SINAP","terrestre",51702,0.904689830586798,0.16835715206625,"Monte-RB-1978-01-12-id91","'CS'"
"Arrecifes de Sian Ka'an","RB","Quintana Roo","Felipe Carrillo Puerto y Tulúm","Península de Yucatán y Caribe Mexicano",34927.1584,1361.001633,33566.15677,"1998/02/02","1998/02/02","13/06/2011","SINAP","terrestre",207,0.972366805525794,0.0776505186285554,"Arrec-RB-1998-02-02-id130","'QR'"
"Los Mármoles","PN","Hidalgo","Pacula, Jacala de Ledezma, Zimapán y Nicolás Flores","Centro y Eje Neovolcánico",23150,23150,0,"1936/09/08","1936/09/08",NA,NA,"terrestre",3751,0.689552913939069,0.16577804639462,"Los M-PN-1936-09-08-id70","'HG'"
"Cañón del Sumidero","PN","Chiapas","San Fernando, Osumacinta, Soyalo, Chiapa de Corzo y Tuxtla Gutiérrez","Frontera Sur, Istmo y Pacífico Sur",21789.419,21789.419,0,"1980/12/08","1981/02/06",NA,NA,"terrestre",3540,0.466684989740437,0.236656187901346,"Cañón-PN-1980-12-08-id581","'CS'"
"El Jabalí","APFF","Colima","Comala, Cuauhtémoc y Zapotitlán de Vadillo","Occidente y Pacífico Centro",5178.56,5178.56,0,"1981/08/14","2000/06/07",NA,NA,"terrestre",810,0.77820558503822,0.226166120121988,"El Ja-APFF-1981-08-14-id49","'CM'"
"Lago Tláhuac-Xico","APRN","Ciudad de México y Estado de México","Demarcación territorial Tláhuac, Ciudad de México y en el municipio de Valle de Chalco Solidaridad, Estado de México","Centro y Eje Neovolcánico",3545.414066,3545.414066,0,"2024/01/08","2024/01/11",NA,NA,"terrestre",16,0.172670587897301,0.0652013719114282,"Lago -APRN-2024-01-08-id523","'DF','MC'"
"Z.P.F.T.C.C. de los ríos Valle de Bravo, Malacatepec, Tilostoc y Temascaltepec","APRN","Estado de México","Amanalco, Donato Guerra, Ixtapan del Oro, Otzoloapan, San Simón de Guerrero, Santo Tomás, Temascaltepec, Valle de Bravo, Villa de Allende, Villa Victoria y Zinacantepec","Centro y Eje Neovolcánico",140234.4262,140234.4262,0,"1941/11/15","2005/06/23","30/11/2018","SINAP","terrestre",22062,0.560854704371086,0.261583466818948,"Z.P.F-APRN-1941-11-15-id154","'MC'"
"Janos","RB","Chihuahua","Janos, Casas Grandes y Ascensión","Norte y Sierra Madre Occidental",526482.4267,526482.4267,0,"2009/12/08","2009/12/08","22/11/2012","SINAP","terrestre",84050,0.765067277465551,0.205100633123071,"Janos-RB-2009-12-08-id63","'CH'"
"El Sabinal","PN","Nuevo León","Cerralvo","Noreste y Sierra Madre Oriental",8,8,0,"1938/08/25","1938/08/25","23/05/2019",NA,"terrestre",1.47681841914853,0.0925079531343431,0.12994664548309,"El Sa-PN-1938-08-25-id51","'NL'"
"C.A.D.N.R. 026 Bajo Río San Juan","APRN","Coahuila y Nuevo León","Coahuila: Ramos Arizpe y Arteaga; N.L.: Galeana, Rayones, Montemorelos, Santiago y Santa Catarina.","Noreste y Sierra Madre Oriental",197156.79,197156.79,0,"1949/08/03","2002/11/07",NA,NA,"terrestre",31536,0.835812174058204,0.146351616345217,"C.A.D-APRN-1949-08-03-id24","'CL','NL'"
"Z.P.F.V. la Cuenca Hidrográfica del Río Necaxa","APRN","Hidalgo y Puebla","Hidalgo: Acaxochitlán y Cuautepec de Hinojosa; Puebla: Naupan, Huauchinango, Juan Galindo, Xicotepec, Zihuateutla, Tlaola, Chiconcuautla, Jolapa, Zacatlán y Ahuazotepec","Planicie Costera y Golfo de México",42129.3532,42129.3532,0,"1938/10/20","2002/09/09",NA,NA,"terrestre",6524,0.435546238178588,0.223027178777074,"Z.P.F-APRN-1938-10-20-id124","'HG','PL'"
"Playa Huizache Caimanero","SANT","Sinaloa","Mazatlán y Rosario","Noroeste y Alto Golfo de California",451.48826297304,451.48826297304,0,"1986/10/29","2022/12/24",NA,NA,"terrestre",18,0.516997973538107,0.267947621630428,"Playa-SANT-1986-10-29-id569","'SL'"
"El Chico","PN","Hidalgo","Mineral del Chico, Mineral del Monte y Pachuca de Soto","Centro y Eje Neovolcánico",2739.0263,2739.0263,0,"1982/07/06","1982/07/06","27/08/2009",NA,"terrestre",433,0.765331977922426,0.16101966974144,"El Ch-PN-1982-07-06-id137","'HG'"
"Insurgente José María Morelos","PN","Michoacán","Charo y Tzitzio","Occidente y Pacífico Centro",7191.769293,7191.769293,0,"1939/02/22","1939/02/22",NA,NA,"terrestre",1150,0.602984892712987,0.227986928673342,"Insur-PN-1939-02-22-id60","'MN'"
"Lagunas de Chacahua","PN","Oaxaca","Villa de Tututepec de Melchor Ocampo","Frontera Sur, Istmo y Pacífico Sur",14896.0734,14896.0734,0,"1937/07/09","1937/07/09","11/11/2013",NA,"terrestre",1730,0.514038428995359,0.268312663738977,"Lagun-PN-1937-07-09-id66","'OC'"
"General Juan Álvarez","PN","Guerrero","Chilapa de Álvarez y Atlixtac","Centro y Eje Neovolcánico",528,528,0,"1964/05/30","1964/05/30",NA,NA,"terrestre",55,0.730666371909055,0.201575584680945,"Gener-PN-1964-05-30-id56","'GR'"
"Barranca del Cupatitzio","PN","Michoacán","Nuevo Parangaricutiro y Uruapan","Occidente y Pacífico Centro",458.21,458.21,0,"1938/11/02","1996/08/01","22/04/2009",NA,"terrestre",5,0.00467058833819465,0.00843331278434972,"Barra-PN-1938-11-02-id13","'MN'"
"Las Huertas","APRN","Colima","Comala","Occidente y Pacífico Centro",167.01,167.01,0,"1988/06/23","1988/06/23",NA,NA,"terrestre",29,0.283997035694734,0.182212640921192,"Las H-APRN-1988-06-23-id68","'CM'"
"Bavispe","APFF","Sonora","Agua Prieta, Bacadéhuachi, Bacerac, Bacoachi , Bavispe , Cananea, Cumpas, Fronteras, Huachinera , Huásabas, Moctezuma, Nacozari de García y Villa Hidalgo","Noroeste y Alto Golfo de California",200900.66,200900.66,0,"1939/09/09","2017/05/22",NA,NA,"terrestre",15571,0.800862458421675,0.153374776332569,"Bavis-APFF-1939-09-09-id169","'SR'"
"Médanos de Samalayuca","APFF","Chihuahua","Juárez, Ahumada y Guadalupe","Norte y Sierra Madre Occidental",56134.38021,56134.38021,0,"2009/06/05","2009/06/05","02/04/2013",NA,"terrestre",8976,0.711080035285905,0.292957693979699,"Médan-APFF-2009-06-05-id461","'CH'"
"C.A.D.N.R. 004 Don Martín","APRN","Coahuila","Acuña, Candela, Castaños, Cuatro Ciénegas, Juárez, Lamadrid, Monclova, Múzquiz, Nadadores, Ocampo, Sabinas, Sacramento, San Buenaventura, San Juan de Sabinas y Zaragoza","Noreste y Sierra Madre Oriental",1519385.031,1519385.031,0,"1949/08/03","2002/11/07",NA,NA,"terrestre",7548,0.90765220329963,0.0942828357390237,"C.A.D-APRN-1949-08-03-id21","'CL'"
"Chunyaxché","APFF","Quintana Roo","Felipe Carrillo Puerto","Península de Yucatán y Caribe Mexicano",5509.038228,5509.038228,0,"2024/09/26","2024/09/26",NA,NA,"terrestre",863,0.901724562031645,0.0660298244181628,"Chuny-APFF-2024-09-26-id4","'QR'"
"Humedales de Montaña La Kisst y María Eugenia","APFF","Chiapas","San Cristóbal de las Casas","Frontera Sur, Istmo y Pacífico Sur",215.706923,215.706923,0,"2024/01/08","2024/01/11",NA,NA,"terrestre",34,0.0193295852031015,0.0512790037975071,"Humed-APFF-2024-01-08-id508","'CS'"
"Papigochic","APFF","Chihuahua","Guerrero, Bocoyna, Ocampo y Temosachi","Norte y Sierra Madre Occidental",222763.8536,222763.8536,0,"1939/03/11","2003/01/29","22/05/2017",NA,"terrestre",35551,0.909526265485836,0.125129559078819,"Papig-APFF-1939-03-11-id96","'CH'"
"Playa Cuitzmala","SANT","Jalisco","La Huerta","Occidente y Pacífico Centro",20.92927,20.92927,0,"1986/10/29","2022/12/24",NA,NA,"terrestre",0,NA,NA,"Playa-SANT-1986-10-29-id557","'JC'"
"Playa Morro Ayuta","SANT","Oaxaca","San Pedro Huamelula y Santiago Astata","Frontera Sur, Istmo y Pacífico Sur",90.692879,90.692879,0,"2024/01/08","2024/01/08",NA,NA,"terrestre",4,0.445357494056225,0.301958119664334,"Playa-SANT-2024-01-08-id507","'OC'"
"Playa Escobilla","SANT","Oaxaca","Santa María Tonameca","Frontera Sur, Istmo y Pacífico Sur",263.130953,263.130953,0,"1986/10/29","2022/12/24",NA,NA,"terrestre",29,0.541009302796989,0.258079656632257,"Playa-SANT-1986-10-29-id576","'OC'"
"Fuentes Brotantes de Tlalpan","PN","Ciudad de México","Tlalpan","Centro y Eje Neovolcánico",129,129,0,"1936/09/28","1936/09/28",NA,NA,"terrestre",5,0.00061882351501481,0.00063741908689658,"Fuent-PN-1936-09-28-id55","'DF'"
"Lagunas de Montebello","PN","Chiapas","La Trinitaria y La Independencia","Frontera Sur, Istmo y Pacífico Sur",6545.628992,6545.628992,0,"1959/12/16","1959/12/16","18/12/2009",NA,"terrestre",890,0.725648907251677,0.23190498857908,"Lagun-PN-1959-12-16-id468","'CS'"
"Islas del Pacífico de la Península de Baja California","RB","Baja California y Baja California Sur","Frente a la costa occidental de los estados de Baja California y Baja California Sur
Baja California y Baja California Sur","Península de Baja California y Pacífico Norte",1161222.979,70139.62399,1091083.355,"2016/12/07","2016/12/07",NA,NA,"terrestre",0,NA,NA,"Islas-RB-2016-12-07-id164","'BC','BS'"
"Cofre de Perote o Nauhcampatépetl","PN","Veracruz","Perote, Ayahualulco, Ixthuacan de Los Reyes y Xico","Planicie Costera y Golfo de México",11530.73275,11530.73275,0,"1937/05/04","1937/05/04","21/01/2015",NA,"terrestre",1846,0.643529705021254,0.233159044740551,"Cofre-PN-1937-05-04-id37","'VZ'"
"Sierra La Mojonera","APFF","San Luis Potosí y Zacatecas","San Luis Potosí: Vanegas; Zacatecas: Concepción del Oro","Noreste y Sierra Madre Oriental",9201.5,9201.5,0,"1981/08/13","2000/06/07","05/06/2015",NA,"terrestre",1507,0.978836750699419,0.0467517396233404,"Sierr-APFF-1981-08-13-id110","'SP','ZS'"
"Villa Allende","APRN","Chiapas","Berriozábal, San Fernando y Tuxtla Gutiérrez","Frontera Sur, Istmo y Pacífico Sur",20080.266302,20080.266302,0,"2024/09/30","2024/09/30",NA,NA,"terrestre",3208,0.483948095600359,0.201845359357015,"Villa-APRN-2024-09-30-id580","'CS'"
"Sierra Tecuani","RB","Guerrero","San Miguel Totolapan, Ajuchitlán del Progreso, Tecpan de Galeana, Coyuca de Catalán y Atoyac de Álvarez","Centro y Eje Neovolcánico",348140.973742,348140.973742,0,"2024/01/08","2024/01/11",NA,NA,"terrestre",55627,0.797008043963366,0.144551358559556,"Sierr-RB-2024-01-08-id514","'GR'"
"Canoas","APFF","Colima","Coquimatlán, Manzanillo y Minatitlán","Occidente y Pacífico Centro",20416.650339,20416.650339,0,"2024/01/08","2024/01/11",NA,NA,"terrestre",3257,0.812114062327017,0.147595270773669,"Canoa-APFF-2024-01-08-id509","'CM'"
"Cumbres de Monterrey","PN","Nuevo León y Coahuila","N.L.: García, Santa Catarina, San Pedro Garza García, Monterrey, Santiago, Rayones, Montemorelos y Allende; Coahuila: Arteaga y Ramos Arizpe","Noreste y Sierra Madre Oriental",177395.9546,177395.9546,0,"2000/11/17","2000/11/17","03/01/2023",NA,"terrestre",28356,0.869108638331383,0.121360405564275,"Cumbr-PN-2000-11-17-id136","'NL','CL'"
"Marismas Nacionales Nayarit","RB","Nayarit","Tecuala, Rosamorada, Tuxpan, Santiago Ixcuintla y Acaponeta","Occidente y Pacífico Centro",133854.3907,133854.3907,0,"2010/05/12","2010/05/12","03/04/2013","SINAP","terrestre",16933,0.729594677232388,0.266317553186774,"Maris-RB-2010-05-12-id88","'NT'"
"Lago de Texcoco","APRN","Estado de México","Atenco, Texcoco, Chimalhuacán, Nezahualcóyolt y Ecatepec de Morelos","Centro y Eje Neovolcánico",14000.33485,14000.33485,0,"2022/03/22","2022/03/22",NA,NA,"terrestre",2013,0.212066389203067,0.200664443800058,"Lago -APRN-2022-03-22-id465","'MC'"
"Valle de los Cirios","APFF","Baja California","Ensenada","Península de Baja California y Pacífico Norte",2521987.61,2521987.61,0,"1980/06/02","2000/06/07","02/04/2013","SINAP","terrestre",539,0.506028400018728,0.249807759553318,"Valle-APFF-1980-06-02-id114","'BC'"
"Ríos y Montañas de la Comarca Lagunera","APRN","Durango","Lerdo, Nazas, Mapimí, Cuencamé y Gómez Palacio","Norte y Sierra Madre Occidental",172924.095157,172924.095157,0,"2024/01/08","2024/01/11",NA,NA,"terrestre",20,0.886642293632031,0.194761239262398,"Ríos -APRN-2024-01-08-id578","'DG'"
"Calakmul","RB","Campeche","Calakmul y Hopelchén","Península de Yucatán y Caribe Mexicano",728908.576313,728908.576313,0,"1989/05/23","2023/08/31",NA,"SINAP","terrestre",116278,0.830561710595057,0.119485987988053,"Calak-RB-1989-05-23-id500","'CC'"
"El Potosí","PN","San Luis Potosí","Río Verde","Noreste y Sierra Madre Oriental",2000,2000,0,"1936/09/15","1936/09/15","29/10/2015",NA,"terrestre",320,0.832956232875586,0.101915836401279,"El Po-PN-1936-09-15-id138","'SP'"
"Palenque","PN","Chiapas","Palenque","Frontera Sur, Istmo y Pacífico Sur",1771.950122,1771.950122,0,"1981/07/20","1981/07/20",NA,NA,"terrestre",282,0.582120759690061,0.208840304153516,"Palen-PN-1981-07-20-id95","'CS'"
"Playa Tierra Colorada","SANT","Guerrero","Marquelia y Cuajinicuilapa","Frontera Sur, Istmo y Pacífico Sur",263.720446,263.720446,0,"1986/10/29","2022/12/24",NA,NA,"terrestre",32,0.435957155495998,0.302312526877554,"Playa-SANT-1986-10-29-id563","'GR'"
"La Encrucijada","RB","Chiapas","Mazatán, Huehuetán, Huixtla, Villa Comaltitlán, Acapetahua, Mapastepec y Pijijiapan","Frontera Sur, Istmo y Pacífico Sur",144868.1588,115652.7341,29215.42463,"1995/06/06","1995/06/06","13/09/2000","SINAP","terrestre",17584,0.64646878995056,0.307613542577875,"La En-RB-1995-06-06-id140","'CS'"
"Playa Colola","SANT","Michoacán","Aquila","Occidente y Pacífico Centro",77.049391,77.049391,0,"1986/10/29","2022/12/24",NA,NA,"terrestre",3,0.266834114988645,0.192299452947043,"Playa-SANT-1986-10-29-id573","'MN'"
"Cerro de la Silla","MN","Nuevo León","Guadalupe, Monterrey y Juárez","Noreste y Sierra Madre Oriental",6039.39875,6039.39875,0,"1991/04/26","1991/09/24","06/01/2014",NA,"terrestre",964,0.797843629635348,0.213139629254094,"Cerro-MN-1991-04-26-id30","'NL'"
"Molino de Flores Netzahualcóyotl","PN","Estado de México","Texcoco","Centro y Eje Neovolcánico",45.662124,45.662124,0,"1937/11/05","1937/11/05",NA,NA,"terrestre",7,0.289517638938768,0.0591718976709189,"Molin-PN-1937-11-05-id90","'MC'"
"Cotorra Serrana Occidental","SANT","Chihuahua","Madera","Norte y Sierra Madre Occidental",418.663999,418.663999,0,"2024/01/08","2024/01/11",NA,NA,"terrestre",69,0.968485769154369,0.0282341033792495,"Cotor-SANT-2024-01-08-id513","'CH'"
"Sistema Arrecifal Veracruzano","PN","Veracruz","Frente a la costa de Veracruz, Boca del Río y Alvarado","Planicie Costera y Golfo de México",65516.47081,12.240805,65504.23,"1992/08/24","2012/11/29","22/05/2017","SINAP","terrestre",2,0.188197054208104,0.188173524796184,"Siste-PN-1992-08-24-id159","'VZ'"
"Playa Lechuguillas","SANT","Veracruz","Vega de Alatorre y Alto Lucero de Gutiérrez Barrios","Planicie Costera y Golfo de México",147.143349,147.143349,0,"2024/01/02","2024/01/02",NA,NA,"terrestre",4.21028659601376,0.44701851014752,0.196390715519326,"Playa-SANT-2024-01-02-id502","'VZ'"
"Metzabok","APFF","Chiapas","Ocosingo","Frontera Sur, Istmo y Pacífico Sur",3368.35875,3368.35875,0,"1998/09/23","1998/09/23","06/01/2009",NA,"terrestre",498,0.859536749052714,0.137965046890325,"Metza-APFF-1998-09-23-id146","'CS'"
"Lacan-Tun","RB","Chiapas","Ocosingo","Frontera Sur, Istmo y Pacífico Sur",61873.96025,61873.96025,0,"1992/08/21","1992/08/24",NA,"SINAP","terrestre",9737,0.963971968302923,0.0889541281520281,"Lacan-RB-1992-08-21-id65","'CS'"
"El Veladero","PN","Guerrero","Coyuca de Benitez y Acapulco de Juárez","Centro y Eje Neovolcánico",3617.41303,3617.41303,0,"1980/07/17","2000/11/29",NA,NA,"terrestre",139,0.419076669337576,0.283877599836831,"El Ve-PN-1980-07-17-id161","'GR'"
"Tehuacán-Cuicatlán","RB","Puebla y Oaxaca","Abarca 18 municipios de Puebla y 32 de Oaxaca","Centro y Eje Neovolcánico",490186.8755,490186.8755,0,"1998/09/18","1998/09/18","08/06/2012","SINAP","terrestre",78443,0.605873894085981,0.219087245343444,"Tehua-RB-1998-09-18-id152","'PL','OC'"
"Playa Chacahua","SANT","Oaxaca","Villa de Tututepec y Santiago Jamiltepec","Frontera Sur, Istmo y Pacífico Sur",545.632873,545.632873,0,"1986/10/29","2022/12/24",NA,NA,"terrestre",87,0.33490700628769,0.275283158317613,"Playa-SANT-1986-10-29-id561","'OC'"
"Balam Kú","RB","Campeche","Escárcega, Calakmul y Candelaria","Península de Yucatán y Caribe Mexicano",463441.759731,463441.759731,0,"2023/08/31","2023/08/31",NA,NA,"terrestre",73889,0.90146922454241,0.101011244952845,"Balam-RB-2023-08-31-id497","'CC'"
"San Buenaventura","APFF","Quintana Roo","Benito Juárez","Península de Yucatán y Caribe Mexicano",37.908679,37.908679,0,"2023/08/15","2023/08/15",NA,NA,"terrestre",5,0.405147532187402,0.34437197027594,"San B-APFF-2023-08-15-id493","'QR'"
"Cumbres del Ajusco","PN","Ciudad de México","Tlalpan","Centro y Eje Neovolcánico",920,920,0,"1936/09/23","1947/05/19",NA,NA,"terrestre",79,0.688152753099611,0.133829344515347,"Cumbr-PN-1936-09-23-id44","'DF'"
"Vicente Guerrero","PN","Guerrero","Zihuatanejo de Azueta","Centro y Eje Neovolcánico",723.891305,723.891305,0,"2023/08/15","2023/08/15",NA,NA,"terrestre",118,0.606199223737595,0.230567198798518,"Vicen-PN-2023-08-15-id479","'GR'"
"Carmen Serdán","PN","Puebla","Xicotepec","Planicie Costera y Golfo de México",198.611343,198.611343,0,"2024/01/08","2024/01/08",NA,NA,"terrestre",2,0.817641466856003,0.0642179548740387,"Carme-PN-2024-01-08-id521","'PL'"
"Campo Verde","APFF","Chihuahua y Sonora","Chihuahua: Madera y Casas Grandes; Sonora: Nacori Chico","Norte y Sierra Madre Occidental",108067.4728,108067.4728,0,"1938/01/03","2003/01/29",NA,NA,"terrestre",17243,0.976148983430698,0.0330018980766863,"Campo-APFF-1938-01-03-id25","'CH','SR'"
"Desierto del Carmen o de Nixcongo","PN","Estado de México","Tenancingo, Malinalco y Zumpahuacan","Centro y Eje Neovolcánico",529,529,0,"1942/10/10","1942/10/10",NA,NA,"terrestre",76,0.599451577781062,0.154190012052788,"Desie-PN-1942-10-10-id46","'MC'"
"Constitución de 1857","PN","Baja California","Ensenada y Mexicali","Península de Baja California y Pacífico Norte",5009.4861,5009.4861,0,"1962/04/27","1962/04/27","01/03/2011","SINAP","terrestre",771,0.85160093609577,0.103524253705539,"Const-PN-1962-04-27-id38","'BC'"
"Tiburón Ballena","RB","Quintana Roo","Frente a las costas del norte de Quintana Roo","Península de Yucatán y Caribe Mexicano",145988.1362,0,145988.1362,"2009/06/05","2009/06/05","09/07/2015","SINAP","marina",1.29279172548609,0.943697566158714,0.0522747639536436,"Tibur-RB-2009-06-05-id111","'QR'"
"Nopoló","PN","Baja California Sur","Loreto","Península de Baja California y Pacífico Norte",2076.519175,2076.519175,0,"2023/08/15","2023/08/15",NA,NA,"terrestre",324,0.889023766649548,0.167415695772972,"Nopol-PN-2023-08-15-id477","'BS'"
"Grutas de Cacahuamilpa","PN","Guerrero","Pilcaya y Taxco de Alarcón","Centro y Eje Neovolcánico",1600,1600,0,"1936/04/23","1936/04/23","22/04/2009",NA,"terrestre",256,0.57668596849544,0.130003229676037,"Gruta-PN-1936-04-23-id57","'GR'"
"Balandra","APFF","Baja California Sur","La Paz","Península de Baja California y Pacífico Norte",2512.73075,1319.52959,1193.20116,"2012/11/30","2012/11/30","29/10/2015",NA,"terrestre",3,0.873386402924856,0.139170356239569,"Balan-APFF-2012-11-30-id11","'BS'"
"El Vizcaíno","RB","Baja California y Baja California Sur","Baja California: Ensenada; Baja California Sur: Mulegé y Comondú","Península de Baja California y Pacífico Norte",2546790.25,2259002.952,287787.2983,"1988/11/30","1988/12/05","01/09/2000","SINAP","terrestre",339699,0.942261622248611,0.110015130590874,"El Vi-RB-1988-11-30-id54","'BC','BS'"
"Cabo San Lucas","APFF","Baja California Sur","Los Cabos","Península de Baja California y Pacífico Norte",3996.049136,208.0535,3787.995636,"1973/11/29","2000/06/07",NA,NA,"terrestre",23,0.302244120567237,0.323010841982078,"Cabo -APFF-1973-11-29-id134","'BS'"
"Playa Puerto Arista","SANT","Chiapas","Tonalá","Frontera Sur, Istmo y Pacífico Sur",726.481025,726.481025,0,"1986/10/29","2022/12/24",NA,NA,"terrestre",63,0.582162498245164,0.281299043535502,"Playa-SANT-1986-10-29-id575","'CS'"
"Playa El Tecuán","SANT","Jalisco","La Huerta","Occidente y Pacífico Centro",52.305303,52.305303,0,"1986/10/29","2022/12/24",NA,NA,"terrestre",2,0.153979418799281,0.119573535397649,"Playa-SANT-1986-10-29-id570","'JC'"
"San Quintín","PN","Baja California","San Quintin","Península de Baja California y Pacífico Norte",85.902865,85.902865,0,"2023/08/15","2023/08/15",NA,NA,"terrestre",13,0.32437000480982,0.147627382958442,"San Q-PN-2023-08-15-id478","'BC'"
"Lomas de Padierna","PN","Ciudad de México","Magdalena Contreras, Álvaro Obregón y Tlalpan","Centro y Eje Neovolcánico",1161.21147,1161.21147,0,"1938/04/22","1938/04/22",NA,NA,"terrestre",184,0.00162429664712126,0.0166781947896467,"Lomas-PN-1938-04-22-id69","'DF'"
"Zona marina Bahía de los Ángeles, canales de Ballenas y de Salsipuedes","RB","Baja California","Frente al municipio de Ensenada","Península de Baja California y Pacífico Norte",387956.8842,483.2005,387473.6837,"2007/06/05","2007/06/05","05/11/2013","SINAP","terrestre",220,0.895143915983764,0.147424666782163,"Zona -RB-2007-06-05-id9","'BC'"
"Bajos de Coyula II","APFF","Oaxaca","Santa María Huatulco","Frontera Sur, Istmo y Pacífico Sur",2633.488279,2633.488279,0,"2024/09/26","2024/09/26",NA,NA,"terrestre",408,0.833732330780442,0.17480310086988,"Bajos-APFF-2024-09-26-id6","'OC'"
"Boquerón de Tonalá","APFF","Oaxaca","Santo Domingo Tonalá y San Marcos Arteaga","Frontera Sur, Istmo y Pacífico Sur",3912.315812,3912.315812,0,"2008/09/22","2008/09/22","03/04/2013",NA,"terrestre",624,0.675688903826552,0.0925076126978688,"Boque-APFF-2008-09-22-id133","'OC'"
"Sierra de Quila","APFF","Jalisco","Tecolotlán, Tenamaxtlán y San Martín Hidalgo","Occidente y Pacífico Centro",15192.5,15192.5,0,"1982/08/04","2000/06/07",NA,NA,"terrestre",2431,0.796683161647807,0.126634535247834,"Sierr-APFF-1982-08-04-id168","'JC'"
"Tlachinoltepetl","APRN","Veracruz","Chocamán y Coscomatepec","Planicie Costera y Golfo de México",1185.610056,1185.610056,0,"2024/01/08","2024/01/11",NA,NA,"terrestre",188,0.746123974627637,0.114074064793241,"Tlach-APRN-2024-01-08-id526","'VZ'"
"Cumbres de Majalca","PN","Chihuahua","Chihuahua y Riva Palacio","Norte y Sierra Madre Occidental",4701.275783,4701.275783,0,"1939/09/01","1939/09/01","08/08/2016",NA,"terrestre",752,0.929989644534331,0.116416093153854,"Cumbr-PN-1939-09-01-id43","'CH'"
"Juan M. Banderas","APFF","Sinaloa","Escuinapa","Noroeste y Alto Golfo de California",2489.227332,2489.227332,0,"2023/08/16","2023/08/16",NA,NA,"terrestre",341,0.353523141548824,0.0875650450030305,"Juan -APFF-2023-08-16-id473","'SL'"
"Selva El Ocote","RB","Chiapas","Tecpatan, Ocozocuautla de Espinosa, Berriozabal, Jiquipilas y Cintalapa","Frontera Sur, Istmo y Pacífico Sur",101288.1513,101288.1513,0,"1982/10/20","2000/11/27","19/12/2001","SINAP","terrestre",16181,0.696864897270011,0.200322888679938,"Selva-RB-1982-10-20-id149","'CS'"
"Yum Balam","APFF","Quintana Roo","Lázaro Cárdenas e Isla Mujeres","Península de Yucatán y Caribe Mexicano",154052.25,52307.61811,101744.6319,"1994/06/06","1994/06/06","05/10/2018","SINAP","terrestre",7412,0.884478742173898,0.0996620000696198,"Yum B-APFF-1994-06-06-id121","'QR'"
"Insurgente Miguel Hidalgo y Costilla","PN","Estado de México y Ciudad de México","Edo. de México: Ocoyoacac, Lerma y Huixquilucan; Ciudad de México: Cuajimalpa de Morelos","Centro y Eje Neovolcánico",1889.96563,1889.96563,0,"1936/09/18","1936/09/18","21/05/2019",NA,"terrestre",300,0.619514204932978,0.250366887212831,"Insur-PN-1936-09-18-id59","'MC','DF'"
"Playa Rancho Nuevo","SANT","Tamaulipas","Aldama y Soto la Marina","Planicie Costera y Golfo de México",1843.823551,1843.823551,0,"1986/10/29","2022/12/24",NA,NA,"terrestre",118,0.687529063262677,0.268310193762255,"Playa-SANT-1986-10-29-id554","'TS'"
"Sierra del Abra Tanchipa","RB","San Luis Potosí y Tamaulipas","San Luis Potosí: Ciudad Valles y Tamuín; Tamaulipas: Antiguo Morelos y El Mante","Noreste y Sierra Madre Oriental",21464.4425,21464.4425,0,"1994/06/06","1994/06/06","31/10/2013","SINAP","terrestre",3432,0.983054739889843,0.0615777182383596,"Sierr-RB-1994-06-06-id107","'SP','TS'"
"Ría Lagartos","RB","Yucatán y Quintana Roo","Yucatán: San Felipe, Río Lagartos y Tizimín; Quintana Roo: Lázaro Cárdenas","Península de Yucatán y Caribe Mexicano",60347.8271,60347.8271,0,"1999/05/21","1999/05/21","12/04/2000","SINAP","terrestre",7942,0.708917045356846,0.229762345589249,"Ría L-RB-1999-05-21-id100","'YN','QR'"
"Playa Ría Lagartos","SANT","Yucatán","Tizimín, Río Lagartos y San Felipe","Península de Yucatán y Caribe Mexicano",827.359171,827.359171,0,"1986/10/29","2022/12/24",NA,NA,"terrestre",6,0.518656975279252,0.29783506998176,"Playa-SANT-1986-10-29-id564","'YN'"
"Sierra de Álvarez","APFF","San Luis Potosí","Armadillo de Los Infantes, Zaragoza y San Nicolás Tolentino","Noreste y Sierra Madre Oriental",16900,16900,0,"1981/04/07","2000/06/07",NA,NA,"terrestre",2258,0.759649857417148,0.187427450224124,"Sierr-APFF-1981-04-07-id459","'SP'"
"Jaguar","APFF","Quintana Roo","Tulum","Península de Yucatán y Caribe Mexicano",2249.71043,2249.71043,0,"2022/07/27","2022/07/27",NA,NA,"terrestre",43,0.898612733497176,0.0982936694546355,"Jagua-APFF-2022-07-27-id466","'QR'"
"Cañón del Usumacinta","APFF","Tabasco","Tenosique","Planicie Costera y Golfo de México",46128.49347,46128.49347,0,"2008/09/22","2008/09/22","05/06/2015",NA,"terrestre",7205,0.652800079229335,0.223195095273865,"Cañón-APFF-2008-09-22-id27","'TC'"
"Maderas del Carmen","APFF","Coahuila","Múzquiz, Acuña y Ocampo","Noreste y Sierra Madre Oriental",208381.15,208381.15,0,"1994/11/07","1994/11/07","06/06/2012","SINAP","terrestre",33072,0.794403598292847,0.185569371527387,"Mader-APFF-1994-11-07-id73","'CL'"
"Felipe Carrillo Puerto","APFF","Quintana Roo","Solidaridad, Tulum y Cozumel","Península de Yucatán y Caribe Mexicano",53227.0702371422,53227.0702371422,0,"2024/09/23","2024/09/23",NA,NA,"terrestre",24,0.242547627164943,0.248505962293112,"Felip-APFF-2024-09-23-id1","'QR'"
"Cabo Pulmo","PN","Baja California Sur","Frente al municipio de Los Cabos","Península de Baja California y Pacífico Norte",7111.01,38.857842,7072.152158,"1995/06/06","2000/06/07","13/11/2009","SINAP","terrestre",12,0.730139541750153,0.285335339736473,"Cabo -PN-1995-06-06-id131","'BS'"
"Huatulco II","PN","Oaxaca","Santa Maria Huatulco","Frontera Sur, Istmo y Pacífico Sur",2237.95121,2237.95121,0,"2023/08/15","2023/08/15",NA,NA,"terrestre",136,0.827355318264488,0.145214807836368,"Huatu-PN-2023-08-15-id487","'OC'"
"Balam Kin","APFF","Campeche","Calakmul, Holpechén, Champotón y Escárcega","Península de Yucatán y Caribe Mexicano",115658.247486,115658.247486,0,"2023/08/31","2023/08/31",NA,NA,"terrestre",18445,0.836572617084782,0.0797573420392319,"Balam-APFF-2023-08-31-id498","'CC'"
"Wanha'","RB","Tabasco","Balancán y Tenosique","Planicie Costera y Golfo de México",38255.641776,38255.641776,0,"2023/08/31","2023/08/31",NA,NA,"terrestre",5593,0.71627789032698,0.209154795998178,"Wanha-RB-2023-08-31-id499","'TC'"
"Nevado de Toluca","APFF","Estado de México","Toluca, Zinacantepec, Almoloya de Juárez, Amanalco, Temascaltepec, Coatepec Harinas, Villa Guerrero, Villa Victoria, Calimaya y Tenango del Valle.","Centro y Eje Neovolcánico",53590.67863,53590.67863,0,"1936/01/25","2013/10/01","21/10/2016",NA,"terrestre",8578,0.639931692697297,0.236979104041548,"Nevad-APFF-1936-01-25-id125","'MC'"
"El Triunfo","RB","Chiapas","Villa Corzo, Pijijiapan, La Concordia, Ángel Albino Corzo, Montecristo de Guerrero, Siltepec, Escuintla, Acacoyagua y Mapastepec","Frontera Sur, Istmo y Pacífico Sur",119177.29,119177.29,0,"1990/03/13","1990/05/15","15/09/2000","SINAP","terrestre",19053,0.830559979076986,0.145829485755948,"El Tr-RB-1990-03-13-id139","'CS'"
"El Histórico Coyoacán","PN","Ciudad de México","Coyoacán","Centro y Eje Neovolcánico",39.769509,39.769509,0,"1938/09/26","1938/09/26",NA,NA,"terrestre",6,0.143378434314703,0.110853726933158,"El Hi-PN-1938-09-26-id48","'DF'"
"Huatulco","PN","Oaxaca","Santa María Huatulco","Frontera Sur, Istmo y Pacífico Sur",11890.98,6374.98,5516,"1998/07/24","1998/07/24","02/12/2002","SINAP","terrestre",1018,0.924201721102292,0.0614545378827439,"Huatu-PN-1998-07-24-id58","'OC'"
"Bajos de Coyula","APFF","Oaxaca","Santa María Huatulco y San Pedro Pochutla","Frontera Sur, Istmo y Pacífico Sur",1923.147483,1923.147483,0,"2023/08/15","2023/08/15",NA,NA,"terrestre",24,0.879863940179348,0.122376504066779,"Bajos-APFF-2023-08-15-id483","'OC'"
"Yaxchilán","MN","Chiapas","Ocosingo","Frontera Sur, Istmo y Pacífico Sur",2621.2523,2621.2523,0,"1992/08/21","1992/08/21","08/07/2010",NA,"terrestre",374,0.983448880719629,0.0382248524608921,"Yaxch-MN-1992-08-21-id120","'CS'"
"C.A.D.N.R. 001 Pabellón","APRN","Aguascalientes y Zacatecas","Aguascalientes: Calvillo, Jesús María, Rincón de Romos, Pabellón de Arteaga y San José de Gracia; Zacatecas: Cuauhtémoc, Guadalupe, Genaro Codina, Ojocaliente y Villanueva","Occidente y Pacífico Centro",97699.68967,97699.68967,0,"1949/08/03","2002/11/07",NA,NA,"terrestre",12526,0.701669734100691,0.194146977438475,"C.A.D-APRN-1949-08-03-id19","'AS','ZS'"
"Sierra de Vallejo-Río Ameca","RB","Jalisco y Nayarit","Bahía de Banderas y Compostela, estado de Nayarit y en los municipios de Mascota, Mixtlán, San Sebastián del Oeste y Puerto Vallarta, estado de Jalisco","Occidente y Pacífico Centro",225398.276332,225398.276332,0,"2024/01/08","2024/01/11",NA,NA,"terrestre",36021,0.76139693213007,0.186000682325124,"Sierr-RB-2024-01-08-id512","'JC','NT'"
"Los Remedios","PN","Estado de México","Naucalpan de Juárez","Centro y Eje Neovolcánico",400.163196,400.163196,0,"1938/04/15","1938/04/15",NA,NA,"terrestre",63,0.00293501395870205,0.0143730384208261,"Los R-PN-1938-04-15-id72","'MC'"
"Hermenegildo Galeana","APFF","Guerrero","Zihuatanejo de Azueta","Centro y Eje Neovolcánico",282.401867,282.401867,0,"2023/08/15","2023/08/15",NA,NA,"terrestre",45,0.720930600166321,0.110679875118993,"Herme-APFF-2023-08-15-id474","'GR'"
"Gogorrón","PN","San Luis Potosí","Villa de Reyes y Santa María del Río","Noreste y Sierra Madre Oriental",36499.66,36499.66,0,"1936/09/22","1936/09/22","08/08/2016",NA,"terrestre",5802,0.402194734770659,0.190807665304795,"Gogor-PN-1936-09-22-id464","'SP'"
"Playa Maruata","SANT","Michoacán","Aquila","Occidente y Pacífico Centro",12.429768,12.429768,0,"1986/10/29","2022/12/24",NA,NA,"terrestre",1.56705710302433,0.314577704679531,0.289698854792279,"Playa-SANT-1986-10-29-id572","'MN'"
"Barranca de Metztitlán","RB","Hidalgo","Acatlán, Atotonilco El Grande, Eloxochitlán, Huasca de Ocampo, Metztitlán, San Agustín Metzquititlán, Metepec, Zacualtipán de Ángeles y Cardonal","Centro y Eje Neovolcánico",96042.94702,96042.94702,0,"2000/11/27","2000/11/27","11/03/2003","SINAP","terrestre",15177,0.605513332445151,0.231326388494475,"Barra-RB-2000-11-27-id147","'HG'"
"Costa Occ. de I. Mujeres, Pta. Cancún y Pta. Nizuc","PN","Quintana Roo","Isla Mujeres y Benito Juárez","Península de Yucatán y Caribe Mexicano",8673.06,0.607161,8672.452839,"1996/07/19","2000/06/07","02/08/2016",NA,"terrestre",0.793753227657981,0.557662915484799,0.269220555414032,"Costa-PN-1996-07-19-id41","'QR'"
"Meseta de Cacaxtla","APFF","Sinaloa","San Ignacio y Mazatlán","Noroeste y Alto Golfo de California",50862.3125,50862.3125,0,"2000/11/27","2000/11/27","29/10/2015",NA,"terrestre",7919,0.770066621239594,0.266018644306096,"Meset-APFF-2000-11-27-id89","'SL'"
"Semidesierto Zacatecano","APFF","Zacatecas","Mazapil, Concepción del Oro y El Salvador","Noreste y Sierra Madre Oriental",223796.02417,223796.02417,0,"2024/01/08","2024/01/11",NA,NA,"terrestre",2384,0.851118291159404,0.128482857466703,"Semid-APFF-2024-01-08-id515","'ZS'"
"Playa Teopa","SANT","Jalisco","La Huerta","Occidente y Pacífico Centro",30.80815,30.80815,0,"1986/10/29","2022/12/24",NA,NA,"terrestre",6,0.135827159916516,0.188971472492337,"Playa-SANT-1986-10-29-id470","'JC'"
"Sierra Gorda","RB","Querétaro, Guanajuato, San Luis Potosí e Hidalgo","Qro: Arroyo Seco, Jalpan de Serra, Landa de Matamoros, Peñamiller, Pinal de Amoles, Toliman y Cadereyta de Montes; Gto: Atarjea, Santa Catarina y Xichú; SLP: Aquismón, Lagunillas, San Ciro de Acosta y Xilitla; Hgo: Pisaflores","Centro y Eje Neovolcánico",383567.4488,383567.4488,0,"1997/05/19","1997/05/19","08/05/2000","SINAP","terrestre",61351,0.73599163717917,0.194044287514846,"Sierr-RB-1997-05-19-id126","'QT','GT','SP','HG'"
"Sierra de Tamaulipas","RB","Tamaulipas","Aldama, Casas, González, Llera y Soto La Marina","Planicie Costera y Golfo de México",308888.2182,308888.2182,0,"2016/12/07","2016/12/07",NA,NA,"terrestre",49374,0.869992815867688,0.139619508299089,"Sierr-RB-2016-12-07-id166","'TS'"
"Bonampak","MN","Chiapas","Ocosingo","Frontera Sur, Istmo y Pacífico Sur",4357.4,4357.4,0,"1992/08/21","1992/08/21","08/07/2010","SINAP","terrestre",697,0.97939123878178,0.0285384479925065,"Bonam-MN-1992-08-21-id16","'CS'"
"Playa Cahuitan","SANT","Oaxaca","Santiago Tapextla, Santo Domingo Armenta y Santiago Pinotepa Nacional","Frontera Sur, Istmo y Pacífico Sur",261.07653,261.07653,0,"2024/01/08","2024/01/08",NA,NA,"terrestre",4,0.151923531666398,0.041180634822508,"Playa-SANT-2024-01-08-id529","'OC'"
"Nahá","APFF","Chiapas","Ocosingo","Frontera Sur, Istmo y Pacífico Sur",3847.41595,3847.41595,0,"1998/09/23","1998/09/23","07/01/2009",NA,"terrestre",602,0.900835517831023,0.14393808450009,"Nahá-APFF-1998-09-23-id92","'CS'"
"Lagunas de Zempoala","PN","Morelos y Estado de México","Morelos: Huitzilac;  Edo. de México: Ocuilán","Centro y Eje Neovolcánico",4790,4790,0,"1936/11/27","1947/05/19","08/03/2011","SINAP","terrestre",725,0.813515514546427,0.123669973811333,"Lagun-PN-1936-11-27-id67","'MS','MC'"
"Bala'an K'aax","APFF","Quintana Roo, Yucatán y Campeche","Quintana Roo: Bacalar y José María Morelos; Yucatán: Tekax; Campeche: Hopelchén","Península de Yucatán y Caribe Mexicano",128390.1555,128390.1555,0,"2005/05/03","2005/05/03","25/02/2011","SINAP","terrestre",20520,0.865184939120393,0.116393965786713,"Bala'-APFF-2005-05-03-id10","'QR','YN','CC'"
"Mapimí","RB","Durango, Chihuahua y Coahuila","Durango: Tlahualilo y Mapimí; Chihuahua: Jiménez; Coahuila: Sierra Mojada","Noreste y Sierra Madre Oriental",342387.9917,342387.9917,0,"1979/07/19","2000/11/27","24/10/2006","SINAP","terrestre",54392,0.855615123636778,0.115500954120714,"Mapim-RB-1979-07-19-id87","'DG','CH','CL'"
"Barra de la Cruz-Playa Grande","SANT","Oaxaca","San Pedro Huamelula","Frontera Sur, Istmo y Pacífico Sur",56.191367,56.191367,0,"2024/01/08","2024/01/08",NA,NA,"terrestre",0.472111091243679,0.361875483197371,0.348486600064045,"Barra-SANT-2024-01-08-id503","'OC'"
"Sierra Gorda de Guanajuato","RB","Guanajuato y Querétaro","Guanajuato: Atarjea, San Luis de La Paz, Santa Catarina, Victoria y Xichú; Querétaro: Peñamiller","Centro y Eje Neovolcánico",236882.7632,236882.7632,0,"2007/02/02","2007/02/02",NA,"SINAP","terrestre",37646,0.725368512223947,0.187337028258422,"Sierr-RB-2007-02-02-id108","'GT','QT'"
"El Pinacate y Gran Desierto de Altar","RB","Sonora","General Plutarco Elías Calles, Puerto Peñasco y San Luis Río Colorado","Noroeste y Alto Golfo de California",714556.5,714556.5,0,"1993/06/10","1993/06/10","02/07/1996","SINAP","terrestre",113888,0.918869080433986,0.150276318042719,"El Pi-RB-1993-06-10-id50","'SR'"
"Complejo Lagunar Ojo de Liebre","RB","Baja California y Baja California Sur","Baja California: Ensenada; Baja California Sur: Mulegé","Península de Baja California y Pacífico Norte",79328.97663,79328.97663,0,"1972/01/14","2000/06/07","08/08/2016","SINAP","terrestre",662,0.794464110067604,0.143156753233848,"Compl-RB-1972-01-14-id157","'BC','BS'"
"Tulum","PN","Quintana Roo","Solidaridad (Actualmente Tulum)","Península de Yucatán y Caribe Mexicano",664.3213,664.3213,0,"1981/04/23","1981/04/23",NA,NA,"terrestre",95,0.868567607323884,0.16722621945513,"Tulum-PN-1981-04-23-id471","'QR'"
"La Michilía","RB","Durango","Suchil y Mezquital","Norte y Sierra Madre Occidental",35000,35000,0,"1979/07/18","2000/06/07",NA,"SINAP","terrestre",5582,0.804741312390969,0.157507809169011,"La Mi-RB-1979-07-18-id530","'DG'"
"El Cimatario","PN","Querétaro","Querétaro, Corregidora, El Marqués y Huimilpan","Centro y Eje Neovolcánico",2447.874,2447.874,0,"1982/07/21","1982/07/21",NA,NA,"terrestre",394,0.578743271257842,0.1467169601967,"El Ci-PN-1982-07-21-id47","'QT'"
"La Sepultura","RB","Chiapas","Cintalapa, Jiquipilas, Villa Flores, Villa Corzo, Tonalá y Arriaga","Frontera Sur, Istmo y Pacífico Sur",167309.8625,167309.8625,0,"1995/06/06","1995/06/06","15/09/2000","SINAP","terrestre",26746,0.7459896113347,0.20724238471566,"La Se-RB-1995-06-06-id141","'CS'"
"Rayón","PN","Michoacán","Tlalpujahua","Occidente y Pacífico Centro",25.2107,25.2107,0,"1952/08/29","1954/05/08",NA,NA,"terrestre",4,0.417098082602024,0.0498512743521645,"Rayón-PN-1952-08-29-id99","'MN'"
"Zicuirán-Infiernillo","RB","Michoacán","Arteaga, Churumuco, La Huacana y Tumbiscatío","Occidente y Pacífico Centro",265117.7816,265117.7816,0,"2007/11/30","2007/11/30","06/11/2013","SINAP","terrestre",41157,0.655455824663365,0.148969880479413,"Zicui-RB-2007-11-30-id122","'MN'"
"Islas del Golfo de California","APFF","B.C., B.C.S., Sonora y Sinaloa","B.C.: Mexicali y Ensenada; B.C.S.: La Paz, Loreto y Mulegé; Sonora: Huatabampo, Etchojoa, B. Juárez, Cajeme, Sn. Ignacio Río Muerto, Guaymas, Hermosillo, Pitiquito, Pto. Peñasco y Caborca; Sinaloa: Rosario, Mazatlán, Elota, Culiacán y 4 mpios. más","Península de Baja California y Pacífico Norte; Noroeste y Alto Golfo de California",374553.6311,374553.6311,0,"1978/08/02","2000/06/07","17/04/2001",NA,"terrestre",0.50216735230207,0.385530507498282,0.10419501937703,"Islas-APFF-1978-08-02-id175","'BC','BS','SR','SL'"
"Bosencheve","PN","Estado de México y Michoacán","Edo. de México: Villa de Allende, Villa Victoria y San José del Rincón; Michoacán: Zitácuaro","Centro y Eje Neovolcánico",14599.61686,14599.61686,0,"1940/08/01","1940/08/01",NA,NA,"terrestre",2315,0.366537653629871,0.214181756233722,"Bosen-PN-1940-08-01-id129","'MC','MN'"
"Playa Platanitos","SANT","Nayarit","Compostela","Occidente y Pacífico Centro",79.813185,79.813185,0,"2024/01/08","2024/01/08",NA,NA,"terrestre",6,0.384200790897012,0.246019264552006,"Playa-SANT-2024-01-08-id528","'NT'"
"Sierra de Órganos","PN","Zacatecas","Sombrerete y Vicente Guerrero","Norte y Sierra Madre Occidental",1124.656176,1124.656176,0,"2000/11/27","2000/11/27","22/11/2012",NA,"terrestre",179,0.708483390301965,0.152100712157493,"Sierr-PN-2000-11-27-id105","'ZS'"
"Lago de Camécuaro","PN","Michoacán","Tangancícuaro","Occidente y Pacífico Centro",6.478593,6.478593,0,"1941/03/08","1941/03/08",NA,NA,"terrestre",1.03370257862702,0.691882533919864,0.222494317156825,"Lago -PN-1941-03-08-id469","'MN'"
"Z.P.F. en los terrenos que se encuentran en los mpios. de La Concordia, Ángel Albino Corzo, Villa Flores y Jiquipilas","APRN","Chiapas","La Concordia, Villa Flores y Villa Corzo","Frontera Sur, Istmo y Pacífico Sur",177546.1703,177546.1703,0,"1979/03/20","2007/11/27","24/04/2019",NA,"terrestre",28410,0.849092938991615,0.151638671651988,"Z.P.F-APRN-1979-03-20-id123","'CS'"
"Sacromonte","PN","Estado de México","Amecameca y Ayapango","Centro y Eje Neovolcánico",43.734227,43.734227,0,"1939/08/29","1939/08/29",NA,NA,"terrestre",5,0.15637058801949,0.130471394602158,"Sacro-PN-1939-08-29-id102","'MC'"
"Arrecifes de Xcalak","PN","Quintana Roo","Costa caribe de Othón P. Blanco","Península de Yucatán y Caribe Mexicano",17949.4562,4521.838534,13427.61767,"2000/11/27","2000/11/27","08/10/2004","SINAP","terrestre",630,0.861139968806316,0.100558020766324,"Arrec-PN-2000-11-27-id155","'QR'"
"Bahía de Loreto","PN","Baja California Sur","Frente a las costas del municipio de Loreto","Península de Baja California y Pacífico Norte",206580.75,21692.07876,184888.6712,"1996/07/19","2003/01/06","23/04/2019","SINAP","terrestre",2,0.164714705199003,0.0955441184341908,"Bahía-PN-1996-07-19-id132","'BS'"
"Peña Colorada","APRN","Queretaro","Querétaro y El Marqués","Centro y Eje Neovolcánico",4843.597312,4843.597312,0,"2023/05/08","2023/05/08",NA,NA,"terrestre",778,0.576242403823949,0.150490366184616,"Peña -APRN-2023-05-08-id472","'QT'"
"Desierto de los Leones","PN","Ciudad de México","Cuajimalpa de Morelos y Álvaro Obregón","Centro y Eje Neovolcánico",1529,1529,0,"1917/11/27","1917/11/27","05/06/2006",NA,"terrestre",244,0.7951859098966,0.0720471445188702,"Desie-PN-1917-11-27-id45","'DF'"
"Cerro de Las Campanas","PN","Querétaro","Querétaro","Centro y Eje Neovolcánico",58.493283,58.493283,0,"1937/07/07","1937/07/07",NA,NA,"terrestre",8,0.000316911768777572,0.000421937757396093,"Cerro-PN-1937-07-07-id31","'QT'"
"Sierra de San Miguelito","APFF","San Luis Potosí","Mexquitic de Carmona, San luis Potosí, Villa de Reyes y Villa de Arriaga","Noreste y Sierra Madre Oriental",111160.4428,111160.4428,0,"2021/12/13","2021/12/13",NA,NA,"terrestre",17701,0.618654980197014,0.160195292171938,"Sierr-APFF-2021-12-13-id463","'SP'"
"Tangolunda","PN","Oaxaca","Santa María Huatulco","Frontera Sur, Istmo y Pacífico Sur",110.329537,110.329537,0,"2024/02/26","2024/02/26",NA,NA,"terrestre",14,0.498248734644481,0.184342542935396,"Tango-PN-2024-02-26-id577","'OC'"
"Pico de Tancítaro","APFF","Michoacán","Tancítaro, Nuevo Parangaricutiro, Uruapan y Peribán","Occidente y Pacífico Centro",23405.92096,23405.92096,0,"1940/07/27","2009/08/19","02/04/2013",NA,"terrestre",3737,0.724466659234334,0.222284571335654,"Pico -APFF-1940-07-27-id98","'MN'"
"Uaymil","APFF","Quintana Roo","Felipe Carrillo Puerto y Bacalar","Península de Yucatán y Caribe Mexicano",89118.15355,89118.15355,0,"1994/11/17","1994/11/23","03/05/2011","SINAP","terrestre",14246,0.895813994037457,0.0520830704372535,"Uaymi-APFF-1994-11-17-id153","'QR'"
"Mariposa Monarca","RB","Michoacán y Estado de México","Michoacán: Contepec, Senguio, Angangueo, Aporo, Ocampo y Zitácuaro; Edo. de México: Temascalcingo, San José del Rincón, Villa de Allende y Donato Guerra","Centro y Eje Neovolcánico",56259.05073,56259.05073,0,"2000/11/10","2009/11/03","30/04/2001","SINAP","terrestre",8698,0.731733988515651,0.238933882801379,"Marip-RB-2000-11-10-id127","'MN','MC'"
"El Tepozteco","PN","Morelos y Ciudad de México","Morelos: Cuernavaca, Tepoztlán, Huitzilac, Yautepec y Tlalnepantla; Ciudad de México: Milpa Alta","Centro y Eje Neovolcánico",23258.7,23258.7,0,"1937/01/22","1937/01/22","09/05/2011",NA,"terrestre",3720,0.573788569447207,0.225951771579443,"El Te-PN-1937-01-22-id53","'MS','DF'"
"Ocampo","APFF","Coahuila y Chihuahua","Coahuila: Ocampo; Chihuahua: Manuel Benavides","Noreste y Sierra Madre Oriental",344238.2333,344238.2333,0,"2009/06/05","2009/06/05","05/06/2015","SINAP","terrestre",54798,0.94090358610519,0.0849012951537049,"Ocamp-APFF-2009-06-05-id93","'CL','CH'"
"Cerro Mohinora","APFF","Chihuahua","Guadalupe y Calvo","Norte y Sierra Madre Occidental",9126.356869,9126.356869,0,"2015/07/10","2015/07/10","22/05/2017",NA,"terrestre",1455,0.874913279932389,0.205862384378482,"Cerro-APFF-2015-07-10-id160","'CH'"
"Playa Piedra de Tlacoyunque","SANT","Guerrero","Tecpan de Galeana","Occidente y Pacífico Centro",98.014236,98.014236,0,"1986/10/29","2022/12/24",NA,NA,"terrestre",14,0.306029916874,0.223126109417195,"Playa-SANT-1986-10-29-id555","'GR'"
"Benito Juárez","PN","Oaxaca","Oaxaca de Juárez, San Andrés Huayapam y Tlalixtac de Cabrera","Frontera Sur, Istmo y Pacífico Sur",2591.515659,2591.515659,0,"1937/12/30","1937/12/30","27/12/2013",NA,"terrestre",414,0.696813756501041,0.0800385480376312,"Benit-PN-1937-12-30-id15","'OC'"
"Sierra de San Pedro Mártir","PN","Baja California","Ensenada","Península de Baja California y Pacífico Norte",72910.68,72910.68,0,"1947/04/26","1947/04/26","15/12/2009","SINAP","terrestre",11635,0.914979083509175,0.124796320423062,"Sierr-PN-1947-04-26-id106","'BC'"
